,0
0,"{
  ""Relevance"": ""RELEVANT"",
  ""Explanation"": ""The generated answer is identical to the original answer and provides a precise explanation of the syntax required to use the `precision_recall_fscore_support` function in Python.""
}"
1,"{
  ""Relevance"": ""RELEVANT"",
  ""Explanation"": ""The generated answer is the same as the original answer, providing the correct syntax for using the precision_recall_fscore_support function in Python with the same example.""
}"
2,"{
  ""Relevance"": ""RELEVANT"",
  ""Explanation"": ""The generated answer provides the same solution to the issue as the original answer. The steps outlined in the generated answer for avoiding pickle errors with waitress are identical to the ones in the original answer.""
}"
3,"{
  ""Relevance"": ""RELEVANT"",
  ""Explanation"": ""The generated answer is identical to the original answer, with no additional information or context. Thus, the relevance is high.""
}"
4,"{
  ""Relevance"": ""RELEVANT"",
  ""Explanation"": ""The generated answer accurately conveys the same information as the original answer, regarding the ability to submit pull requests for Pytorch solutions related to the lessons and homework. Both answers are concise, clear, and convey the same message.""
}"
5,"{
  ""Relevance"": ""PARTLY_RELEVANT"",
  ""Explanation"": ""The generated answer addresses a potential version conflict and mentions the use of a specific library, Scikit-Learn, which is relevant to the original answer. However, it does not fully capture the specific context of the docker build error or the recommended solution of finding a compatible wheel version. It would be helpful to clarify the virtual environment aspect and provide more direct guidance on resolving the pip version error in the serverless deep learning context.""
}"
6,"{
  ""Relevance"": ""RELEVANT"",
  ""Explanation"": ""The generated answer is identical to the original answer, which provides the command to check the HPA status after editing the metrics-server.""
}"
7,"{
  ""Relevance"": ""RELEVANT"",
  ""Explanation"": ""The generated answer is relevant as it matches the original answer in terms of the steps to check the AWS CLI version for eksctl compatibility.""
}"
8,"{
  ""Relevance"": ""PARTLY_RELEVANT"",
  ""Explanation"": ""The generated answer correctly identifies the way of splitting data as one of the reasons for different accuracy values, and it also mentions the potential mismatch in data between different splits. However, it does not include the specific ratios (60%/20%/20%) for splitting the data into train/validation/test sets as mentioned in the original answer.""
}"
9,"{
  ""Relevance"": ""RELEVANT"",
  ""Explanation"": ""The generated answer accurately and directly addresses the user's concern about losing the REMOTE_URI variable after the session ends. It provides the same solution as the original answer, which is to set a local variable and assign the URI address in the terminal. The generated answer also warns the user about the limitation of this workaround, which is that the variable will be lost once the session is terminated. The wording and structure of the generated answer are different from the original answer, but the information and guidance provided are essentially the same.""
}"
10,"{
  ""Relevance"": ""NON_RELEVANT"",
  ""Explanation"": ""The generated answer did not find the requested information, whereas the original answer not only provided the link to the script but also explained the context behind it.""
}"
11,"{
  ""Relevance"": ""PARTLY_RELEVANT"",
  ""Explanation"": ""The generated answer partially addresses the original question by providing a solution for the TensorFlow Serving error on Apple M1 Mac. However, it does not explain the error message or its causes.""
}"
12,"{
  ""Relevance"": ""NON_RELEVANT"",
  ""Explanation"": ""The generated answer focuses on addressing a protobuf package issue, whereas the original answer relates to a different problem with the 'eb local' command and Docker platform compatibility.""
}"
13,"{
  ""Relevance"": ""RELEVANT"",
  ""Explanation"": ""The generated answer accurately identifies the person who provided the solution to the 'Failed to find data adapter' error in Keras model training.""
}"
14,"{
  ""Relevance"": ""RELEVANT"",
  ""Explanation"": ""The generated answer is a relevant paraphrase of the original answer, and it accurately describes the initial step required to install kind through choco, which involves launching a PowerShell terminal with administrative privileges and installing the choco library.""
}"
15,"{
  ""Relevance"": ""RELEVANT"",
  ""Explanation"": ""The generated answer is identical to the original answer, both in terms of the code snippet and the accompanying text. It is, therefore, highly relevant.""
}"
16,"{
  ""Relevance"": ""RELEVANT"",
  ""Explanation"": ""The generated answer is relevant as it provides the same solution as the original answer. It directly answers the question by suggesting the use of `mean_squared_error` function with `squared=False` parameter to compute RMSE directly.""
}"
17,"{
  ""Relevance"": ""RELEVANT"",
  ""Explanation"": ""The generated answer is relevant because it offers the same information as the original answer, providing the same links to documentation on how Lambda functions are initialized.""
}"
18,"{
  ""Relevance"": ""RELEVANT"",
  ""Explanation"": ""The generated answer is nearly identical to the original answer, providing the same Python code snippet and dataset URL. The wording is slightly different but conveys the same essential information.""
}"
19,"{
  ""Relevance"": ""RELEVANT"",
  ""Explanation"": ""The generated answer correctly explains why all missing values end up in the training dataframe when using a seed value of 42. It mirrors the original answer's content and context.""
}"
20,"{
  ""Relevance"": ""RELEVANT"",
  ""Explanation"": ""The generated answer provides an accurate and specific response to the user's query, summarizing the original answer's instructions for finding cohort-related materials. It is relevant as it directly addresses the user's question.""
}"
